,City,Country,Latitude,Longitude,Date,Cloudiness,Humidity,MaxTemp,Wind Speed
0,Busselton,AU,-33.64,115.35,1547363517,0,80,296.986,7.6
1,Cairns,AU,-16.92,145.77,1547361000,90,58,303.15,6.2
2,Ribeira Grande,PT,38.52,-28.7,1547363520,44,98,289.886,9.25
3,Port Blair,IN,11.67,92.75,1547363521,0,98,301.786,5.72
4,New Norfolk,AU,-42.78,147.06,1547361000,75,52,294.15,7.2
5,Panzhihua,CN,26.59,101.72,1547363521,0,38,292.036,1.5
6,Sao Filipe,CV,14.9,-24.5,1547363522,8,100,294.736,4.5
7,Loikaw,MM,19.67,97.21,1547363522,20,55,297.336,1.12
8,Thompson,CA,55.74,-97.86,1547359200,90,85,263.15,3.1
9,Rikitea,PF,-23.12,-134.97,1547363523,80,99,299.536,6.8
10,Henties Bay,NA,-22.12,14.28,1547363420,68,100,289.336,1.37
11,Edea,CM,3.8,10.13,1547359200,75,100,298.15,1
12,Verkhoyansk,RU,67.55,133.39,1547363524,8,0,226.086,1.15
13,Dikson,RU,73.51,80.55,1547363524,64,100,248.686,14.05
14,Neryungri,RU,56.66,124.71,1547363525,24,65,249.386,0.17
15,Ponta do Sol,BR,-20.63,-46,1547363525,92,99,290.486,0.47
16,Mataura,NZ,-46.19,168.86,1547363525,88,91,286.136,2.07
17,Tual,ID,-5.67,132.75,1547363525,88,100,301.886,7.02
18,Saint-Philippe,CA,45.36,-73.48,1547361720,1,84,255.15,1.25
19,Banda Aceh,ID,5.56,95.32,1547363526,76,71,302.186,3.1
20,Tiksi,RU,71.64,128.87,1547363526,20,55,237.686,1.5
21,Albany,US,42.65,-73.75,1547362440,90,50,263.75,4.6
22,Pangnirtung,CA,66.15,-65.72,1547363527,12,60,236.736,1.8
23,Punta Arenas,CL,-53.16,-70.91,1547359200,40,65,281.15,20.1
24,Mikkeli,FI,61.69,27.27,1547362200,0,92,262.15,0.5
25,Ushuaia,AR,-54.81,-68.31,1547359200,40,75,280.15,17.5
26,Calbuco,CL,-41.77,-73.13,1547359200,0,87,282.15,1
27,Beloha,MG,-25.17,45.06,1547363529,64,97,300.986,2.07
28,Kapaa,US,22.08,-159.32,1547358960,1,84,294.85,2.6
29,Mahebourg,MU,-20.41,57.7,1547359200,40,70,302.15,4.6
30,Miri,NG,10.31,9.75,1547363530,0,59,285.836,1.6
31,East London,ZA,-33.02,27.91,1547359200,0,64,297.15,6.7
32,Kloulklubed,PW,7.04,134.26,1547362200,75,70,302.15,5.1
33,The Valley,AI,18.22,-63.06,1547359200,75,78,297.15,3.6
34,Puerto Ayora,EC,-0.74,-90.35,1547363531,36,100,297.336,3.27
35,Leningradskiy,RU,69.38,178.42,1547363358,20,100,245.336,3.77
38,Dingle,PH,11,122.67,1547363533,20,68,302.136,6.45
39,Roald,NO,62.58,6.12,1547362200,75,80,277.15,10.8
40,Khatanga,RU,71.98,102.47,1547363533,36,56,237.636,1.37
42,Godda,IN,24.83,87.21,1547363534,0,58,296.436,2.3
43,La Union,GT,14.97,-89.29,1547363534,68,92,286.586,0.9
44,Clyde River,CA,70.47,-68.59,1547359200,1,66,237.15,3.1
45,Kavaratti,IN,10.57,72.64,1547363544,0,100,300.886,4.85
47,Isangel,VU,-19.55,169.27,1547363544,80,100,299.786,3.05
48,Pisco,PE,-13.71,-76.2,1547359200,0,94,294.15,5.7
49,Kavieng,PG,-2.57,150.8,1547363548,76,100,301.036,5.3
50,Anage,BR,-14.61,-41.14,1547363435,92,93,293.586,3.02
51,Port Lincoln,AU,-34.72,135.86,1547363551,0,62,297.586,6.07
52,Meteti,PA,8.5,-77.98,1547363551,80,90,297.786,2.8
53,Bluff,AU,-23.58,149.07,1547363551,0,34,307.836,5.5
54,Ingham,AU,-18.65,146.16,1547363382,8,93,300.536,5.07
55,Butaritari,KI,3.07,172.79,1547363552,44,100,301.836,4.62
56,Tuktoyaktuk,CA,69.44,-133.03,1547359200,5,65,236.15,2.6
59,Jamestown,AU,-33.21,138.6,1547363419,0,24,307.036,2.97
61,Port Alfred,ZA,-33.59,26.89,1547363553,0,84,293.886,3.82
62,Dubbo,AU,-32.25,148.6,1547361000,0,16,313.15,6.2
63,Barrow,AR,-38.31,-60.23,1547363554,92,97,290.736,2.5
64,Kaitangata,NZ,-46.28,169.85,1547363554,92,100,285.686,2.05
65,San Patricio,PY,-26.98,-56.83,1547363555,0,96,296.086,1.5
66,Vardo,US,39.62,-77.74,1547362800,90,96,272.15,2.1
67,Vaini,IN,15.34,74.49,1547359200,0,44,300.15,2.6
68,Qaanaaq,GL,77.48,-69.36,1547363556,0,100,241.686,4.42
69,Luba,PH,17.32,120.7,1547363557,0,56,301.586,1.62
70,Izmir,TR,38.42,27.14,1547362200,20,93,278.15,2.1
71,Berlevag,NO,70.86,29.09,1547363371,88,100,270.886,1.75
72,Amot,NO,59.57,7.99,1547363558,0,96,271.136,3.37
73,Provideniya,RU,64.42,-173.23,1547363558,20,100,250.836,11.07
74,Yellowknife,CA,62.45,-114.38,1547359200,5,75,244.15,4.6
75,Mar del Plata,AR,-46.43,-67.52,1547363559,0,59,284.186,3.6
76,Saldanha,PT,41.42,-6.55,1547363559,76,81,266.986,1.45
77,Atuona,PF,-9.8,-139.03,1547363277,48,100,300.436,7.02
78,Upernavik,GL,72.79,-56.15,1547363560,32,100,251.736,3.92
79,Longyearbyen,NO,78.22,15.63,1547362200,20,55,260.15,3.6
81,Papayal,EC,-2.43,-79.18,1547362800,100,100,286.15,1
82,Baykit,RU,61.68,96.39,1547363561,0,48,238.486,1.47
83,Cape Town,ZA,-33.93,18.42,1547359200,40,77,293.15,5.1
85,Beaufort,MY,5.36,115.76,1547359200,75,66,304.15,2.6
86,San Angelo,US,31.46,-100.44,1547358660,1,88,273.75,3.1
87,Bambous Virieux,MU,-20.34,57.76,1547359200,40,70,302.15,4.6
88,Payo,ID,-3.75,103.64,1547363562,92,96,299.136,1.47
89,Ngunguru,NZ,-35.62,174.5,1547363562,76,90,295.036,5.2
91,Hernani,ES,43.27,-1.98,1547361000,75,76,283.15,2.6
92,Dickinson,US,46.88,-102.79,1547362560,90,91,266.45,4.1
93,Avarua,CK,-21.21,-159.78,1547362800,20,83,299.15,2.1
94,Sorland,NO,67.67,12.69,1547363565,76,100,274.386,8.52
95,Sulangan,PH,11.14,123.72,1547363565,56,98,300.186,6.85
96,Tateyama,JP,36.66,137.31,1547359200,40,45,282.15,1.5
97,Kahului,US,20.89,-156.47,1547362560,40,96,295.95,1.5
98,Xining,CN,36.62,101.77,1547363566,0,27,272.436,0.82
99,Eureka,US,40.8,-124.16,1547361300,1,100,283.15,2.6
100,Huarmey,PE,-10.07,-78.15,1547363567,32,90,288.386,1.5
103,Dunedin,NZ,-45.87,170.5,1547363351,92,100,284.536,3.2
104,Hilo,US,19.71,-155.08,1547358780,1,83,293.15,1.5
105,Kirakira,SB,-10.46,161.92,1547363568,92,100,299.486,7.3
106,Port Elizabeth,US,39.31,-74.98,1547362440,90,92,271.15,2.6
107,Borogontsy,RU,62.67,131.17,1547363568,0,0,232.486,1.3
108,Ulaangom,MN,49.98,92.07,1547363568,8,67,259.836,1.4
109,Bathurst,AU,-33.42,149.58,1547363569,36,70,298.686,0.4
111,Lufilufi,WS,-13.87,-171.6,1547359200,75,74,302.15,4.6
112,Lebu,ET,8.96,38.73,1547359200,0,25,289.15,2.1
113,Buin,CL,-33.73,-70.74,1547359200,0,63,289.15,3.6
114,Victoria,BN,5.28,115.24,1547361000,75,66,304.15,2.6
116,Buala,SB,-8.15,159.59,1547363574,0,81,302.736,4.45
117,Norman Wells,CA,65.28,-126.83,1547359200,40,72,234.15,2.1
118,Atasu,KZ,48.68,71.64,1547363575,8,84,260.086,3.6
119,Tasiilaq,GL,65.61,-37.64,1547362200,64,78,265.15,1.5
120,Santa Barbara,US,34.42,-119.7,1547362620,1,66,286.45,4.6
121,Vanimo,PG,-2.67,141.3,1547363576,8,100,301.336,8.52
122,Bom Jesus,BR,-9.08,-44.36,1547363576,20,79,295.836,2.5
124,Guarapari,BR,-20.67,-40.5,1547359200,40,94,297.15,1
125,Carnarvon,ZA,-30.97,22.13,1547363586,56,86,286.886,3.5
126,Saint George,GR,39.45,22.34,1547362200,20,69,274.15,3.1
127,Abu Dhabi,AE,24.47,54.37,1547359200,20,73,294.15,1.5
128,Bredasdorp,ZA,-34.53,20.04,1547362800,44,33,297.15,9.8
129,Tecoanapa,MX,16.99,-99.26,1547361780,40,88,298.15,2.1
130,Tautira,PF,-17.73,-149.15,1547362800,90,69,301.15,5.7
131,Siderno,IT,38.28,16.3,1547358900,75,57,283.15,3.6
133,Makakilo City,US,21.35,-158.09,1547362620,90,68,298.15,2.1
134,Anuradhapura,LK,8.34,80.41,1547363589,88,95,298.336,5.4
135,Talcahuano,CL,-36.72,-73.12,1547359200,0,87,288.15,2.1
136,Tkibuli,GE,42.35,43,1547361000,75,45,282.15,1
137,Talnakh,RU,69.49,88.39,1547363590,76,52,245.236,8.87
138,Tiznit,MA,29.7,-9.73,1547363387,0,84,280.736,2.87
140,Brae,GB,60.4,-1.35,1547362200,80,87,281.15,7.7
141,Opuwo,NA,-18.06,13.84,1547363591,0,48,287.686,1.12
142,San Cristobal,EC,-0.39,-78.55,1547362800,75,93,286.15,1
143,Cabo San Lucas,MX,22.89,-109.91,1547358120,5,72,290.15,1.75
144,Cayenne,GF,4.94,-52.33,1547361000,75,94,296.15,1
145,Arraial do Cabo,BR,-22.97,-42.02,1547363592,12,93,297.386,5
146,Grandview,US,38.89,-94.53,1547362800,90,96,273.15,4.6
147,Misratah,LY,32.38,15.09,1547363593,92,100,284.936,9.1
148,Noumea,NC,-22.28,166.46,1547362800,75,78,300.15,8.2
149,Verkhnevilyuysk,RU,63.45,120.31,1547363594,56,65,247.486,1.75
150,Atbasar,KZ,51.81,68.36,1547363594,36,81,260.886,5.65
151,Fairbanks,US,64.84,-147.72,1547359080,90,73,247.55,1.85
152,Coquimbo,CL,-29.95,-71.34,1547359200,0,87,288.15,2.6
153,Hithadhoo,MV,-0.6,73.08,1547363595,24,100,300.636,2.95
154,Zeya,RU,53.74,127.27,1547363595,32,72,255.286,0.62
155,Sur,OM,22.57,59.53,1547363595,0,100,295.386,1.75
156,Nikolskoye,RU,59.7,30.79,1547361000,0,79,269.15,4
157,Chapada dos Guimaraes,BR,-15.46,-55.75,1547359200,0,88,297.15,2.6
158,Chokurdakh,RU,70.62,147.9,1547363596,76,70,242.536,3.75
160,Hobart,AU,-42.88,147.33,1547361000,75,52,294.15,7.2
161,Lompoc,US,34.64,-120.46,1547361300,1,93,283.15,1.67
162,Gizo,IL,31.8,34.94,1547362200,0,47,289.15,7.2
163,Chuy,UY,-33.69,-53.46,1547363597,64,96,293.636,4.75
164,Namatanai,PG,-3.66,152.44,1547363598,68,100,301.236,7.45
165,Caucaia,BR,-3.73,-38.66,1547359200,20,88,299.15,1.82
166,Souillac,FR,45.6,-0.6,1547361000,90,93,282.15,3.1
167,Moron,VE,10.49,-68.2,1547363598,88,97,292.786,1.47
168,Awjilah,LY,29.14,21.3,1547363599,44,77,282.686,8
169,Salalah,OM,17.01,54.1,1547362200,0,26,300.15,7.2
170,Castro,CL,-42.48,-73.76,1547359200,0,93,278.15,2.1
171,Mingguang,CN,32.78,118.01,1547363599,68,81,282.086,2.5
172,Anqing,CN,30.51,117.04,1547363600,0,95,282.536,4.42
173,Mount Gambier,AU,-37.83,140.78,1547359200,0,47,298.15,8.7
174,Egvekinot,RU,66.32,-179.17,1547363600,24,54,237.386,2.35
175,Teya,MX,21.05,-89.07,1547362500,5,88,292.15,2.1
176,Katsuura,JP,33.93,134.5,1547362800,20,43,283.15,5.1
177,Hermanus,ZA,-34.42,19.24,1547363601,12,74,290.486,4.45
178,Laguna,MX,27.52,-110.01,1547363601,0,82,284.436,0.9
179,Alice Springs,AU,-23.7,133.88,1547362020,0,11,314.15,8.2
180,Dimovo,BG,41.54,24.62,1547362200,75,86,272.15,1
181,Codrington,AU,-28.95,153.24,1547359200,0,51,303.15,5.7
182,Jardim,BR,-21.48,-56.15,1547363603,8,85,296.086,1.25
184,Vao,EE,59.1,26.19,1547363603,56,83,263.286,1.85
185,Havelock,US,34.88,-76.9,1547362680,90,85,281.45,4.6
186,Sitka,US,37.17,-99.65,1547363604,48,89,268.986,2.97
187,Luebo,CD,-5.35,21.42,1547363604,92,100,293.786,1.27
188,Komsomolskiy,RU,67.55,63.78,1547363605,68,83,258.086,6.32
189,Bara,NG,10.41,10.6,1547363605,8,45,289.586,3.42
190,Kirksville,US,40.19,-92.58,1547361300,90,100,271.45,6.2
191,Bongouanou,CI,6.65,-4.2,1547363605,0,95,295.386,2.07
192,Avera,US,33.19,-82.53,1547362500,90,79,286.15,4.1
193,Xichang,CN,27.88,102.25,1547363606,0,14,291.836,1.57
194,Seoul,KR,37.57,126.98,1547362800,1,28,281.15,1
195,Grindavik,IS,63.84,-22.43,1547362800,40,100,274.15,9.3
196,Bethel,US,60.79,-161.76,1547362560,90,82,255.95,8.2
197,Constitucion,MX,23.99,-104.67,1547363608,0,73,278.036,2.8
198,Colombo,LK,6.93,79.85,1547359800,40,70,302.15,5.7
199,Krasnoarmeyskoye,UA,45.99,34.03,1547363609,36,100,269.736,2.8
200,Ilulissat,GL,69.22,-51.1,1547362200,56,43,251.15,2.1
201,Bukene,TZ,-4.23,32.89,1547363609,92,100,291.236,1.4
202,Pimentel,BR,-3.7,-45.5,1547363609,92,100,295.086,1.4
203,Kupang,ID,-10.16,123.6,1547361000,75,70,304.15,3.1
205,Bathsheba,BB,13.22,-59.52,1547359200,75,65,298.15,5.7
206,Monrovia,LR,6.33,-10.8,1547361000,40,94,297.15,1.17
208,Goure,NE,13.98,10.27,1547363611,8,37,289.986,5.95
209,Yarmouth,GB,50.71,-1.5,1547362200,20,87,283.15,6.7
210,Pevek,RU,69.7,170.27,1547363611,0,72,242.086,2.75
211,Aklavik,CA,68.22,-135.01,1547359200,5,59,237.15,2.1
212,Nybro,SE,56.75,15.91,1547362200,90,92,274.15,1.5
213,Severo-Kurilsk,RU,50.68,156.12,1547363615,32,97,273.236,6.97
214,Klaksvik,FO,62.23,-6.59,1547362200,92,93,276.15,2.1
215,Buchanan,LR,5.88,-10.05,1547361000,40,94,297.15,1.52
216,Oriximina,BR,-1.77,-55.87,1547363616,44,99,296.486,1.07
217,Suez,EG,29.97,32.54,1547363616,0,59,279.036,2.82
218,Sabancuy,MX,18.97,-91.18,1547363617,0,95,297.836,8.2
219,College,US,64.86,-147.8,1547362680,1,74,248.15,1.85
220,Mvuma,ZW,-19.28,30.53,1547363617,8,84,294.736,1.97
222,Parrita,CR,9.52,-84.33,1547363501,20,100,297.736,0.47
223,Huntley,US,42.17,-88.43,1547362920,90,84,272.55,5.1
224,Vila Velha,BR,-3.71,-38.6,1547359200,20,88,299.15,1.82
226,Georgetown,GY,6.8,-58.16,1547359200,20,94,295.15,2.1
227,Ilhabela,BR,-23.78,-45.36,1547363622,32,100,299.036,5.07
228,Bolshaya Glushitsa,RU,50.24,43.59,1547363622,80,90,263.836,4.3
229,Puerto El Triunfo,SV,13.27,-88.55,1547362200,20,83,296.15,1
230,Malanville,NE,11.86,3.39,1547363623,0,34,290.536,4.52
231,Laurel,US,45.67,-108.77,1547362380,1,68,272.05,8.2
232,Lagoa,PT,37.14,-8.45,1547361000,0,60,279.15,3.1
234,Huoqiu,CN,32.34,116.27,1547363624,12,85,282.436,2.07
235,Te Anau,NZ,-45.41,167.72,1547363624,80,54,287.186,2.57
236,Sao Desiderio,BR,-12.36,-44.97,1547363624,48,65,297.436,4
238,Namibe,AO,-15.19,12.15,1547363625,0,100,295.736,2.85
239,Providencia,CO,1.24,-77.6,1547363625,44,93,280.686,0.85
240,Guerrero Negro,MX,27.97,-114.04,1547363625,88,100,286.486,2.12
241,Alofi,NU,-19.06,-169.92,1547362800,88,88,298.15,3.1
242,Yumen,CN,40.29,97.04,1547363626,68,91,263.736,3.85
243,Najran,SA,17.54,44.22,1547362800,0,32,293.15,1
244,Saskylakh,RU,71.97,114.09,1547363626,0,0,223.886,2.05
245,Herat,AF,34.35,62.22,1547362500,0,39,280.15,2.1
246,Poshekhonye,RU,58.5,39.12,1547363627,76,88,266.686,4.1
247,Esperance,TT,10.24,-61.45,1547359200,20,88,296.15,2.2
248,Caravelas,BR,-17.73,-39.27,1547363627,92,100,299.736,4.22
249,Murovani Kurylivtsi,UA,48.71,27.54,1547363628,88,84,265.986,2.62
250,Kampot,KH,10.62,104.18,1547361000,20,58,304.15,4.6
251,Los Llanos de Aridane,ES,28.66,-17.92,1547361000,0,67,288.15,3.6
252,Salym,RU,60.06,71.48,1547363631,88,76,260.736,4.9
253,Lorengau,PG,-2.02,147.27,1547363632,88,99,301.736,6.47
255,Riyadh,SA,24.63,46.72,1547362800,0,21,290.15,2.6
256,Fergus Falls,US,46.28,-96.08,1547362560,90,85,270.15,3.1
257,Jiuquan,CN,39.73,98.49,1547363633,12,87,266.186,0.8
259,Lavrentiya,RU,65.58,-170.99,1547363633,0,89,249.636,13.47
260,Beringovskiy,RU,63.05,179.32,1547363634,32,100,250.336,12.12
261,Hamilton,CA,43.26,-79.87,1547359200,90,73,267.15,4.6
262,Hasaki,JP,35.73,140.83,1547362800,20,49,281.15,5.7
263,Sanawad,IN,22.17,76.08,1547359200,0,46,295.15,1
264,Half Moon Bay,US,37.46,-122.43,1547362560,1,79,286.45,2.1
265,Miyako,JP,33.63,130.94,1547362800,75,66,285.15,2.1
266,Forbes,AU,-33.38,148.01,1547363639,76,78,303.736,2.27
267,Nome,US,30.04,-94.42,1547362500,1,73,281.15,4.1
268,Radstadt,AT,47.39,13.46,1547362200,75,86,276.15,4.1
269,Tambun,MY,4.62,101.14,1547359200,75,46,307.15,2.1
270,Vila Franca do Campo,PT,37.72,-25.43,1547361000,75,67,288.15,4.6
271,Merrill,US,42.03,-121.6,1547358780,1,78,271.45,2.6
272,Mahibadhoo,MV,3.78,72.97,1547363580,48,100,300.986,6.47
273,Nanortalik,GL,60.14,-45.24,1547363641,92,94,272.886,4.22
274,Sao Joao da Barra,BR,-21.64,-41.05,1547363552,68,98,299.086,5.75
275,Belle Fourche,US,44.67,-103.85,1547361300,1,73,270.15,2.1
276,Touros,BR,-5.2,-35.46,1547359200,40,88,298.15,1.5
277,Osypenko,UA,48.04,34.39,1547361000,75,92,268.15,4
278,Sheridan,US,39.65,-105.03,1547362440,20,95,272.15,3.6
279,Vitina,GR,41.43,24.76,1547362200,75,86,272.15,1
280,Kruisfontein,ZA,-34,24.73,1547363649,0,81,292.886,2.47
281,Udachnyy,RU,66.42,112.4,1547363649,12,57,236.836,1.07
283,Mao,DO,19.55,-71.08,1547362800,40,100,294.15,2.82
284,Kachug,RU,53.96,105.89,1547363671,20,71,253.336,4
285,Cravo Norte,CO,6.3,-70.2,1547363671,56,46,303.236,4.75
287,La Ronge,CA,55.1,-105.3,1547359200,90,79,266.15,4.6
288,Bubaque,GW,11.28,-15.83,1547363450,12,100,298.286,4.67
289,Husavik,CA,50.56,-96.99,1547363672,92,92,265.836,5.67
290,Vostok,RU,46.45,135.83,1547363673,0,67,265.536,1.15
291,Khao Yoi,TH,13.24,99.82,1547359200,20,74,303.15,3.1
292,Sechura,PE,-5.56,-80.82,1547363674,20,89,295.286,4.3
293,Netivot,IL,31.42,34.59,1547363674,0,55,281.186,4.42
294,Chone,EC,-0.7,-80.09,1547363674,92,93,295.386,1.12
295,Miami,US,25.77,-80.19,1547362380,75,93,294.85,1.5
297,Svetlyy Yar,RU,48.48,44.79,1547361000,90,92,270.15,8
298,Opunake,NZ,-39.45,173.86,1547363679,36,86,293.086,8.22
299,Zhezkazgan,KZ,47.8,67.71,1547361000,90,84,260.15,4
300,Cherskiy,RU,68.75,161.3,1547363679,32,60,243.986,0.67
301,Kaduy,RU,59.2,37.15,1547361000,90,85,269.15,3
302,Bhimunipatnam,IN,17.88,83.43,1547361000,20,54,300.15,4.1
303,Sembakung,ID,3.82,117.25,1547359200,40,66,304.15,2.1
304,Launceston,AU,-41.43,147.14,1547361000,0,38,298.15,7.2
305,Geraldton,CA,49.72,-86.95,1547359200,20,68,246.15,1
306,Saint Anthony,US,43.97,-111.68,1547362560,1,91,259.85,1.5
307,Lamu,ID,0.57,122.3,1547363686,76,88,299.786,1.17
308,Sao Felix do Xingu,BR,-6.64,-51.99,1547363690,80,100,294.486,0.67
309,Sanmenxia,CN,34.77,111.19,1547363690,44,55,278.536,1.62
310,Clarence Town,AU,-32.59,151.78,1547361000,90,83,297.15,8.7
311,Luchegorsk,RU,46.44,134.3,1547363691,20,62,267.386,1.3
312,Garowe,SO,8.41,48.48,1547363691,88,76,293.386,3.27
313,Comodoro Rivadavia,AR,-45.87,-67.48,1547362800,0,47,288.15,0.5
314,Ridgecrest,US,35.62,-117.67,1547362560,1,95,277.05,2.6
315,Longjiang,CN,47.33,123.18,1547363692,8,40,266.236,2.05
316,Mitu,IR,36.2,46.09,1547363693,68,87,273.636,1.67
317,Airai,TL,-8.93,125.41,1547363693,32,64,301.536,0.95
318,Maitum,PH,6.06,124.5,1547362800,75,52,305.15,5.1
319,Kodiak,US,39.95,-94.76,1547362500,90,95,273.15,4.1
320,San Francisco,US,37.78,-122.42,1547362560,20,85,286.45,2.1
321,Usinsk,RU,66,57.56,1547363489,76,84,263.136,6.4
322,Cidreira,BR,-30.17,-50.22,1547363695,24,92,295.886,4.9
323,Carndonagh,IE,55.25,-7.27,1547363695,92,94,282.836,11.8
324,Trairi,BR,-3.28,-39.27,1547363398,76,100,300.586,2.02
325,Manokwari,ID,-0.87,134.08,1547363696,44,100,299.836,1.57
326,Ambulu,ID,-8.35,113.61,1547363696,32,100,301.586,2.95
327,Gamboula,CF,4.12,15.14,1547363696,12,81,292.086,2.17
328,Mezen,RU,65.85,44.24,1547363480,88,89,269.286,2.87
329,Faanui,PF,-16.48,-151.75,1547363697,80,100,301.786,9.22
330,Upata,VE,8.02,-62.41,1547363697,0,80,294.086,3.15
331,Namalenga,TZ,-10.95,39.1,1547363697,44,88,299.536,2.85
332,Tuensang,IN,26.24,94.81,1547363698,0,59,292.486,0.95
333,Tripoli,GR,37.51,22.37,1547362200,20,75,279.15,2.1
334,Morros,BR,-2.87,-44.04,1547362800,40,94,297.15,1.5
336,Gejiu,CN,23.36,103.16,1547363699,12,82,289.736,1.27
337,Turinskaya Sloboda,RU,57.62,64.39,1547363699,88,89,268.586,7
338,Kidal,ML,18.44,1.41,1547363700,76,18,284.636,4.67
339,Montivilliers,FR,49.55,0.19,1547361000,90,100,283.15,6.2
340,Puerto Suarez,BO,-18.96,-57.8,1547363700,0,87,297.336,1.15
341,Moshupa,BW,-24.78,25.42,1547362800,0,45,302.15,3.1
342,Livingston,US,32.58,-88.19,1547362560,90,79,283.75,7.7
343,Rafsanjan,IR,30.4,55.99,1547363701,48,46,280.536,2.25
344,Ishigaki,JP,24.34,124.16,1547359200,75,72,293.15,6.2
345,Qaqortoq,GL,60.72,-46.03,1547362200,88,95,273.15,2.6
346,Weston,US,41.2,-73.38,1547362380,75,37,272.05,3.6
347,Waldkraiburg,DE,48.21,12.4,1547362200,75,93,276.15,7.2
348,Hukuntsi,BW,-23.98,21.76,1547363703,0,18,296.136,4.52
349,Mandalgovi,MN,45.76,106.27,1547363703,24,49,265.436,4.3
350,Samarai,PG,-10.62,150.67,1547363704,36,100,301.236,6.75
351,Imbituba,BR,-28.24,-48.67,1547362800,75,94,296.15,3.6
352,Flin Flon,CA,54.77,-101.88,1547363704,24,79,259.986,1.37
353,Keti Bandar,PK,24.14,67.45,1547363705,0,100,292.736,7.52
354,Nabire,ID,-3.36,135.5,1547363705,56,90,297.986,0.55
355,Aloleng,PH,16.13,119.78,1547363791,0,86,301.836,1.72
356,Kuusamo,FI,65.96,29.19,1547362200,75,92,262.15,3.6
358,Klyuchi,RU,52.25,79.17,1547363706,0,69,256.636,2.4
361,Surgut,RU,61.25,73.4,1547361000,90,92,261.15,5
362,Sterling,US,39,-77.4,1547362740,90,85,272.55,2.6
364,Pervomaysk,RU,54.87,43.81,1547363709,80,83,261.436,4.52
365,West Wendover,US,40.74,-114.07,1547362560,90,88,270.35,1.5
366,Yongchang,CN,38.06,102.59,1547363709,0,59,272.486,1.75
367,Shitanjing,CN,39.23,106.34,1547363710,48,41,273.586,1.52
368,Alta Floresta,BR,-9.87,-56.08,1547363710,88,96,296.586,0.62
369,Tortoli,IT,39.93,9.66,1547358900,20,57,283.15,2.6
370,Lillooet,CA,50.69,-121.94,1547362800,90,73,273.15,1.5
371,Labuhan,ID,-2.54,115.51,1547363714,92,93,298.036,1.12
373,Wajima,JP,37.4,136.9,1547362800,20,60,278.15,2.1
374,Manggar,ID,-2.88,108.27,1547363715,76,99,300.986,3.5
375,Rawson,AR,-43.3,-65.11,1547363715,0,67,287.236,4.77
376,Severnoye,RU,54.09,52.54,1547363715,56,92,266.736,6.55
377,Kilrush,IE,51.96,-8.06,1547362800,75,87,281.15,4.1
378,Mondlo,ZA,-27.96,30.72,1547363716,0,65,295.086,1.8
379,Riberalta,BO,-11,-66.08,1547363716,88,96,296.136,1
380,Narsaq,GL,60.91,-46.05,1547362200,88,86,273.15,2.6
381,Znamenskoye,RU,57.13,73.82,1547363717,92,80,259.036,5.95
382,Tuy Hoa,VN,13.08,109.3,1547363717,68,96,297.086,5.42
383,Vaitape,PF,-16.52,-151.75,1547363718,88,100,301.736,9.32
384,Naze,NG,5.43,7.07,1547363718,12,90,294.836,1.85
385,Stephanskirchen,DE,47.86,12.18,1547362200,75,86,276.15,4.1
386,Touba,SN,14.86,-15.88,1547359200,92,55,292.15,3.4
387,Talara,PE,-4.58,-81.27,1547363548,36,83,294.886,3.25
388,Mindelo,PT,41.31,-8.72,1547361000,0,86,276.15,2.1
389,Erenhot,CN,43.65,111.97,1547363719,0,42,270.036,3.87
391,Hattiesburg,US,31.33,-89.29,1547362560,20,92,287.05,3.1
392,Maragogi,BR,-9.01,-35.22,1547363720,88,100,296.436,1.45
393,Were Ilu,ET,10.6,39.43,1547363720,0,22,286.986,0.5
396,Fare,PF,-16.7,-151.02,1547363721,88,100,300.886,8.2
397,Kawalu,ID,-7.38,108.21,1547363721,20,100,296.886,0.82
398,Kikinda,RS,45.83,20.46,1547361000,75,100,273.15,2.6
399,Zaporizhzhya,UA,47.82,35.18,1547361000,75,92,270.15,2
400,Biak,ID,-0.91,122.88,1547363457,12,79,303.736,1.12
401,Pitsunda,GE,43.16,40.34,1547361000,90,93,279.15,4
402,Broome,GB,52.47,1.45,1547362560,20,81,283.35,8.7
403,Grand Gaube,MU,-20.01,57.66,1547362800,75,70,302.15,6.2
404,Maturin,VE,9.75,-63.18,1547363724,24,78,296.736,2.35
405,Lasa,CY,34.92,32.53,1547361000,40,62,288.15,3.6
406,Pasco,US,46.24,-119.1,1547362500,90,89,275.35,1.5
407,Harper,US,30.3,-99.24,1547362500,1,87,275.35,3.27
408,kimparana,ML,12.83,-4.92,1547363725,8,35,289.186,3.37
410,Elizabeth City,US,36.3,-76.22,1547363040,90,88,279.95,4.1
411,Maraba,BR,-5.35,-49.1,1547362800,0,94,296.15,1.5
412,Blois,FR,47.59,1.33,1547361000,90,100,282.15,3.1
413,Lata,IN,30.78,78.62,1547363726,20,100,275.986,0.77
414,Oyem,GA,1.6,11.57,1547362800,40,94,296.15,1.3
415,Hobyo,SO,5.35,48.53,1547363727,80,75,298.586,8.9
416,Eagle Pass,MX,28.71,-100.5,1547359080,1,83,278.35,3.1
418,Antofagasta,CL,-23.65,-70.4,1547362800,40,82,290.15,3.1
419,Santa Rosa,AR,-36.62,-64.29,1547363738,88,96,290.636,3.02
420,Okhotsk,RU,59.36,143.24,1547363738,0,100,252.936,4
421,Fort Frances,CA,48.61,-93.4,1547361300,90,96,267.55,1.5
423,Palana,RU,59.08,159.95,1547363739,0,67,256.536,0.1
424,Kroya,ID,-6.5,108.06,1547363739,56,90,300.586,2.2
425,Yoichi,JP,43.19,140.77,1547362800,40,73,266.15,2.1
426,Gladstone,AU,-23.84,151.26,1547361000,0,58,302.15,10.3
427,Tuatapere,NZ,-46.13,167.69,1547363741,48,87,287.636,2.37
428,Berberati,CF,4.26,15.79,1547363741,12,90,293.086,2.02
429,El Bagre,CO,7.6,-74.8,1547363741,76,80,297.586,1.92
430,Dar es Salaam,TZ,-6.81,39.28,1547359200,75,79,303.15,6.2
431,Crossville,US,35.95,-85.03,1547362500,90,92,280.15,3.6
432,Worland,US,44.02,-107.96,1547362620,90,95,265.95,2.17
433,Fort Nelson,CA,58.81,-122.69,1547359200,90,76,253.15,5.7
434,Kodinsk,RU,58.6,99.18,1547363743,32,53,249.636,3.02
435,Marawi,PH,8,124.29,1547363508,80,69,299.386,1.37
436,Meulaboh,ID,4.14,96.13,1547363743,32,100,301.436,1.25
437,Hofn,IS,64.25,-15.21,1547363744,92,100,275.236,11.15
438,Asnaes,DK,55.81,11.5,1547362200,92,93,278.15,6.2
439,Kharp,RU,66.82,65.8,1547363745,76,75,256.736,4.85
440,Tongchuan,CN,34.9,108.95,1547359200,44,59,276.15,2
442,Rio Grande,BR,-32.03,-52.1,1547363745,92,100,294.636,4.82
443,Marsaxlokk,MT,35.84,14.54,1547361900,40,66,282.15,6.2
444,Tabuk,PH,17.41,121.44,1547363746,48,63,297.586,1.07
445,Tocopilla,CL,-22.09,-70.2,1547363746,12,100,287.986,1.25
446,Coahuayana,MX,18.62,-100.35,1547363746,32,82,287.636,1.15
447,Portland,US,45.52,-122.67,1547362380,1,57,280.35,5.7
448,Juneau,US,58.3,-134.42,1547359800,90,100,275.15,1.5
449,Galesong,ID,-5.32,119.37,1547361000,40,70,304.15,4.6
450,Beipiao,CN,41.8,120.76,1547363747,0,33,270.036,6.22
451,Kutum,SD,14.2,24.66,1547363502,0,58,284.336,0.9
452,Sola,FI,62.78,29.36,1547362200,0,92,260.15,1.5
454,Itarema,BR,-2.92,-39.92,1547363497,76,97,295.536,1.07
455,Hovd,NO,63.83,10.7,1547362200,75,94,276.15,2.1
456,Khani,GE,41.96,42.96,1547361000,75,45,282.15,1
457,Colomi,BO,-17.34,-65.87,1547362800,75,67,289.15,4.1
458,Bukama,CD,-9.2,25.85,1547363750,92,100,293.236,1.95
459,Cacu,BR,-18.56,-51.13,1547363750,32,88,294.536,1.45
461,Plouzane,FR,48.38,-4.62,1547361000,90,100,282.15,4.1
462,Klichka,RU,50.44,118,1547363751,56,72,259.286,1.9
463,Rochegda,RU,62.67,43.41,1547363751,80,87,268.086,2.75
465,Romitan,UZ,39.93,64.38,1547361000,0,52,281.15,5.1
466,Fortuna,ES,38.18,-1.13,1547361000,0,49,281.15,4.6
467,Broken Hill,AU,-31.97,141.45,1547359200,0,13,310.15,4.1
468,Cap Malheureux,MU,-19.98,57.61,1547362800,75,70,302.15,6.2
469,Izhma,RU,65.01,53.91,1547363753,80,74,263.786,3.65
470,Ludvika,SE,60.15,15.18,1547362200,64,86,270.15,5.1
471,Mount Darwin,ZW,-16.77,31.58,1547363754,44,97,293.736,1.82
472,Bekhtery,UA,46.25,32.3,1547361000,90,80,272.15,3
475,Iqaluit,CA,63.75,-68.52,1547359200,5,61,244.15,7.7
476,Rodas,CU,22.34,-80.56,1547362740,0,88,293.15,2.6
477,Vadso,NO,70.07,29.75,1547362200,20,85,269.15,7.2
478,Sri Aman,MY,1.24,111.46,1547359200,75,88,300.15,1.5
479,Itoman,JP,26.12,127.67,1547362800,40,52,294.45,6.7
480,Omsukchan,RU,62.53,155.8,1547363769,64,84,249.336,1.25
481,Kaohsiung,TW,22.62,120.31,1547362800,75,61,300.15,3.1
483,San Juan,AR,-31.54,-68.53,1547363721,20,83,289.236,3.25
484,Ixtapa,MX,20.71,-105.21,1547361900,20,100,295.15,1.5
485,Hualmay,PE,-11.1,-77.61,1547363781,20,94,289.836,0.85
486,Alyangula,AU,-13.85,136.42,1547359200,75,100,298.15,2.6
487,Pinawa,CA,50.15,-95.88,1547363781,88,84,264.836,5.2
488,Amapa,HN,15.09,-87.97,1547359200,75,94,295.15,1
489,Byron Bay,AU,-28.65,153.62,1547361000,40,57,303.15,6.7
490,Gijon,ES,43.54,-5.66,1547361000,75,81,279.15,4.6
491,Tucumcari,US,35.17,-103.73,1547358780,1,81,272.05,1.5
492,Raudeberg,NO,61.99,5.14,1547362200,92,86,278.15,10.3
493,Padang,ID,-0.92,100.36,1547361000,40,83,301.15,1.5
494,Lyuban,BY,52.8,28,1547363787,80,91,268.636,3.47
495,Inta,RU,66.04,60.13,1547363787,88,80,261.886,1.6
496,Bichura,RU,50.59,107.6,1547363787,80,70,259.536,3.6
497,Poum,MK,41.28,20.71,1547362800,40,84,260.15,3.1
498,Torbay,CA,47.66,-52.73,1547359200,90,79,268.15,8.7
499,Muhos,FI,64.81,26,1547362200,0,100,264.15,1
500,Baruun-Urt,MN,46.68,113.28,1547363792,0,54,264.736,7.42
503,Cockburn Town,TC,21.46,-71.14,1547363792,100,100,296.736,7.67
504,Honningsvag,NO,70.98,25.97,1547363793,44,100,272.386,5.12
505,Zhuanghe,CN,39.7,122.97,1547363793,0,92,275.486,0.72
506,Manacapuru,BR,-3.3,-60.62,1547362800,0,94,297.15,1.37
507,Faya,SA,18.39,42.45,1547362800,0,18,295.15,3.6
508,Chalmette,US,29.94,-89.96,1547362500,20,100,287.15,3.1
509,Auki,NG,12.18,6.51,1547363794,0,37,289.036,4.97
510,Ojinaga,US,29.56,-104.41,1547362500,1,58,282.45,6.2
511,Toftlund,DK,55.19,9.07,1547362200,75,100,280.15,7.7
512,Sisimiut,GL,66.94,-53.67,1547363795,68,100,248.186,0.45
514,Luxor,EG,25.7,32.65,1547359200,24,70,281.15,2.1
515,Benghazi,LY,32.12,20.07,1547363796,24,100,288.636,13.95
516,Ancud,CL,-41.87,-73.83,1547362800,0,93,278.15,2.6
517,Santa Cruz,US,36.97,-122.03,1547362800,1,76,285.15,1.5
518,Khandyga,RU,62.65,135.58,1547363798,12,98,231.936,1.22
520,Rundu,NA,-17.91,19.77,1547363798,20,22,296.486,4
521,Trapani,IT,38.02,12.54,1547362200,20,54,285.15,6.2
522,Umm Lajj,SA,25.02,37.27,1547363799,100,97,295.536,4.67
523,Nuuk,GL,64.17,-51.74,1547362200,88,92,269.15,5.1
524,Elesbao Veloso,BR,-6.2,-42.14,1547363799,64,98,294.336,1.6
525,Barcarena,BR,-1.51,-48.62,1547362800,0,94,297.15,1.5
527,Lianzhou,CN,24.79,112.38,1547363800,88,90,283.986,1.35
528,Auce,LV,56.47,22.9,1547363803,92,87,266.886,1.27
529,Ginir,ET,7.14,40.71,1547363804,0,20,292.136,2.35
530,Tukan,RU,53.84,57.45,1547363804,88,77,269.086,3.77
531,Maryborough,AU,-25.54,152.7,1547363509,0,36,304.386,3.42
533,Saint-Pierre,FR,48.95,4.24,1547361000,90,100,282.15,6.7
534,Enshi,CN,30.29,109.48,1547363805,88,89,278.236,0.47
535,Ouro Preto do Oeste,BR,-10.75,-62.22,1547363805,68,97,295.686,0.92
536,Xuddur,SO,4.12,43.89,1547363806,0,62,295.686,7.12
538,Oranjestad,AW,12.52,-70.03,1547359200,20,83,298.15,4.6
539,Mount Isa,AU,-20.73,139.49,1547361000,0,12,313.15,6.2
540,Fukue,JP,35.03,136.69,1547362800,20,50,284.15,10.3
541,Weihe,CN,32.99,105.33,1547363810,12,39,279.636,1.07
542,Lacdayan,PH,13.6,122.53,1547363810,68,75,300.586,6.87
543,Waitati,NZ,-45.75,170.57,1547363811,92,100,284.536,3.2
546,Greymouth,NZ,-42.45,171.21,1547363811,8,100,288.236,7.55
547,Kontagora,NG,10.4,5.47,1547363811,0,68,288.886,1.15
548,Krizevci,HR,46.02,16.54,1547361000,0,92,270.15,2.1
549,Novikovo,UA,45.05,34.56,1547363812,0,100,266.836,1.6
550,Masallatah,LY,32.62,14,1547363812,12,88,277.136,6.65
552,Healdsburg,US,38.61,-122.87,1547362500,40,96,283.15,3.3
553,Igrim,RU,63.19,64.42,1547363813,68,84,261.436,3.55
554,Bacolod,PH,10.68,122.95,1547363813,36,76,300.486,4.77
555,Boueni,YT,-12.9,45.08,1547362800,75,83,302.15,4.1
556,Onega,RU,63.91,38.09,1547363814,76,89,270.386,5.97
557,Tiarei,PF,-17.53,-149.33,1547362800,90,69,301.15,5.7
558,Rocha,UY,-34.48,-54.34,1547363815,36,96,290.336,2.85
559,Bani Walid,LY,31.76,14,1547363815,0,72,277.636,7.35
560,Shieli,KZ,44.18,66.74,1547363815,8,73,267.636,2.7
561,Galle,US,29.74,-97.91,1547362560,1,79,279.85,2.6
562,Ostersund,SE,63.18,14.64,1547362200,0,79,270.15,6.2
563,Kollam,IN,8.88,76.6,1547361000,20,62,304.15,3.1
564,Whitehorse,CA,60.72,-135.06,1547359200,90,83,252.15,1.05
566,Sinnamary,GF,5.38,-52.96,1547363817,88,96,298.836,4.87
567,Moose Factory,CA,51.26,-80.61,1547359200,1,75,245.15,1
568,Shonguy,RU,68.75,33.15,1547362800,75,100,267.15,1
569,Fallon,US,46.84,-105.12,1547362560,1,87,268.15,3.6
570,Nantucket,US,41.28,-70.1,1547362500,1,45,268.15,3.6
571,North Myrtle Beach,US,33.83,-78.68,1547362560,90,89,285.35,2.1
572,Kununurra,AU,-15.77,128.74,1547361000,0,49,307.15,1.5
573,Aykhal,RU,65.95,111.51,1547363822,20,48,238.436,1.27
574,Pakxan,LA,18.39,103.66,1547363822,0,54,302.436,1
575,Koppa,IN,13.53,75.36,1547363823,0,46,300.986,3.2
576,Soc Trang,VN,9.6,105.98,1547361000,40,49,305.15,4.1
577,Kasese,UG,0.17,30.09,1547363823,32,79,293.736,2.27
578,Rio de Janeiro,BR,-22.91,-43.21,1547362800,0,83,298.15,1
579,Tilichiki,RU,60.47,166.1,1547363824,0,47,246.286,1.3
580,Uppsala,SE,59.86,17.64,1547362200,56,85,271.15,2.1
582,Villarrica,CL,-39.28,-72.23,1547359200,90,100,284.15,0.95
583,Ozernovskiy,RU,51.5,156.52,1547363825,0,83,270.386,3.15
584,Slawno,PL,52.84,16.56,1547362800,90,100,277.15,6.7
585,Luorong,CN,24.41,109.6,1547363826,88,97,284.886,2.75
586,Okha,RU,53.59,142.95,1547363826,0,86,260.536,5.77
588,Kailua,US,21.39,-157.74,1547362620,75,87,298.15,1.5
589,Palmer,US,61.6,-149.11,1547362560,90,82,265.95,2.1
590,Barwadih,IN,26.9,84.87,1547363827,0,38,296.586,1.9
591,Tubuala,PA,9.52,-79.03,1547362800,0,94,294.15,1
592,Ippy,CF,6.26,21.2,1547363828,12,82,294.836,1.27
593,Alwar,IN,27.56,76.61,1547363829,0,70,291.736,1.95
594,Biga,TR,40.23,27.24,1547362200,75,80,277.15,5.7
595,Sistranda,NO,63.73,8.83,1547362200,75,93,276.15,11.8
597,Batagay,RU,67.65,134.64,1547363830,0,0,224.386,1.22
598,Letlhakeng,BW,-24.1,25.03,1547363830,0,67,299.236,2.15
599,Mattru,SL,7.62,-11.83,1547363830,48,82,297.486,2.12
600,Gat,SN,14.69,-16.54,1547361000,0,68,293.15,6.2
601,Margate,AU,-43.03,147.26,1547361000,75,52,294.15,7.2
602,Fontem,CM,5.49,9.85,1547363835,12,93,286.536,0.45
603,Houma,CN,35.63,111.36,1547363825,64,46,278.236,0.95
605,Zadar,HR,44.12,15.24,1547362800,40,80,274.15,2.6
606,Deputatskiy,RU,69.3,139.9,1547363835,48,54,237.386,1.25
607,Aksu,KZ,52.04,76.93,1547362800,0,92,258.15,3
608,Naron,ES,43.52,-8.15,1547361000,75,75,281.15,0.5
609,Port Macquarie,AU,-31.43,152.91,1547359200,0,61,300.15,6.7
610,Mareeba,AU,-16.99,145.42,1547361000,90,58,303.15,6.2
611,Kalmunai,LK,7.42,81.82,1547363837,92,94,298.836,3.82
612,Ketchikan,US,55.34,-131.65,1547362560,90,92,283.15,3.1
613,Kieta,PG,-6.22,155.63,1547363846,48,99,300.336,1.6
614,Huty,UA,50.13,35.35,1547363847,80,91,267.036,4.65
615,Taoudenni,ML,22.68,-3.98,1547363847,0,38,278.486,5.57
616,Kucevo,RS,44.48,21.67,1547363856,80,100,271.386,1
617,Tabas,IR,33.6,56.92,1547362800,32,33,279.15,1
618,Waddan,LY,29.16,16.14,1547363857,44,87,274.136,3.82
619,Gaoual,GN,11.75,-13.2,1547363857,8,81,288.986,1.3
621,Northam,GB,51.04,-4.21,1547362200,40,81,283.15,5.1
622,Luderitz,NA,-26.65,15.16,1547363858,8,90,289.636,1.6
623,Neuquen,AR,-38.95,-68.06,1547362800,0,59,290.15,1
625,Anadyr,RU,64.73,177.51,1547359200,20,62,247.15,8
626,Birigui,BR,-21.29,-50.34,1547363806,48,87,295.586,2.7
627,Wuning,CN,29.26,120.23,1547363859,0,70,283.386,2.15
628,Kudahuvadhoo,MV,2.67,72.89,1547363859,36,100,301.186,5.45
629,Olivenza,ES,38.68,-7.1,1547359200,0,92,271.15,3.62
630,Caetite,BR,-14.07,-42.48,1547363860,0,91,292.286,3.6
631,Hirara,JP,24.8,125.28,1547362800,75,68,293.15,3.6
632,Lewistown,US,40.39,-90.15,1547362500,90,92,271.95,7.7
634,Mangaratiba,BR,-22.96,-44.04,1547359200,0,88,297.15,2.1
636,Hay River,CA,60.82,-115.79,1547360220,40,75,248.15,5.7
637,Marfino,RU,56.07,37.56,1547362800,90,85,267.15,5
638,Oskemen,KZ,49.96,82.61,1547362800,40,83,253.15,1
639,Coihaique,CL,-45.58,-72.07,1547362800,0,86,277.15,1.5
640,Port Hedland,AU,-20.31,118.58,1547361000,0,45,312.15,8.2
641,Chicama,PE,-7.84,-79.15,1547362800,90,88,295.15,4.1
642,Jaisinghnagar,IN,23.63,78.57,1547363863,0,69,296.886,2.12
643,Galveston,US,40.58,-86.19,1547362560,90,92,272.15,9.3
644,Revda,RU,67.94,34.55,1547363864,76,95,265.136,1.07
645,Baijiantan,CN,45.63,85.18,1547363864,12,82,255.836,1.62
646,Paamiut,GL,61.99,-49.67,1547363865,88,98,273.236,11.15
647,Bonavista,CA,48.65,-53.11,1547363803,0,100,268.486,6.52
648,Luena,AO,-11.78,19.91,1547362800,75,94,293.15,3.1
649,Hinton,CA,53.4,-117.57,1547363865,0,61,261.636,0.95
650,Verkhnetulomskiy,RU,68.61,31.8,1547362800,75,100,267.15,1
651,Conde,BR,-11.81,-37.61,1547363866,48,100,296.336,1.85
652,Axim,GH,4.87,-2.24,1547363834,24,97,302.036,3.47
653,Cururupu,BR,-1.82,-44.87,1547363866,76,98,296.786,1.22
654,Yulara,AU,-25.24,130.99,1547359200,0,14,316.15,7.2
655,Kamina,CD,-8.74,25,1547363867,92,100,292.386,1.95
656,Port-Cartier,CA,50.03,-66.88,1547359200,5,71,259.15,2.6
657,Saint-Joseph,FR,43.56,6.97,1547362800,20,56,282.15,2.1
659,Vilhena,BR,-12.74,-60.15,1547363868,32,98,292.786,0.92
660,Phuket,TH,7.89,98.4,1547361000,20,58,305.15,3.6
661,Seydi,NE,13.34,7.75,1547359200,0,21,289.15,5.1
662,Puerto del Rosario,ES,28.5,-13.86,1547361000,0,55,292.15,2.1
663,Pertuis,FR,43.7,5.5,1547361000,0,65,281.15,10.3
664,Broken Arrow,US,36.05,-95.79,1547362500,90,78,275.15,3.1
665,Olga,US,34.11,-118.17,1547363040,1,86,286.45,1.37
666,Bahia Blanca,AR,-38.72,-62.27,1547363870,8,97,291.886,3.05
667,Zhongshu,CN,24.52,103.77,1547363871,0,55,291.736,3.42
668,Bandarbeyla,SO,9.49,50.81,1547363871,0,98,298.686,8.35
669,Medicine Hat,CA,50.04,-110.68,1547359200,1,79,266.15,2.1
670,Chipinge,ZW,-20.19,32.62,1547363871,32,76,300.836,1.3
671,Pierre,US,44.37,-100.35,1547362380,90,96,265.35,3.6
672,Bulgan,MN,48.81,103.53,1547363875,0,33,263.986,5.5
673,Nishihara,JP,35.74,139.53,1547362800,20,36,283.15,3.6
674,Houston,US,29.76,-95.37,1547362500,1,65,282.05,2.6
675,Carballo,ES,43.21,-8.69,1547361000,75,75,281.15,0.5
676,Sibolga,ID,1.74,98.78,1547363897,68,95,296.986,0.77
677,Vestmannaeyjar,IS,63.44,-20.27,1547363688,36,100,273.286,4
678,Pacific Grove,US,36.62,-121.92,1547362800,1,76,283.15,1.5
679,Baillif,GP,16.02,-61.75,1547362800,44,94,294.15,1.5
680,Jian,IN,25.65,87.89,1547363898,0,53,297.836,2.02
681,Ahipara,NZ,-35.17,173.16,1547363898,8,76,294.436,4.42
682,Tinaquillo,VE,9.92,-68.31,1547363899,88,97,292.786,1.47
683,Arkhangelsk,RU,64.54,40.54,1547362800,90,100,269.15,3
684,Nanton,CA,50.35,-113.77,1547363900,0,71,266.086,1.4
685,Ullapool,GB,57.9,-5.16,1547363805,92,99,281.886,13.4
687,Piacabucu,BR,-10.41,-36.43,1547363796,92,100,296.386,2.6
688,Ust-Tsilma,RU,65.44,52.15,1547363901,88,74,264.636,3.85
689,Brindisi,IT,40.63,17.94,1547362200,75,70,279.15,3.6
690,Srednekolymsk,RU,67.46,153.71,1547363902,76,65,243.086,1.85
691,La Libertad,PE,-16.38,-71.56,1547362800,0,87,284.15,1
692,Smolenka,PL,54.15,22.76,1547363902,80,93,272.686,4.07
693,Mantua,IT,45.16,10.79,1547362200,0,92,272.15,1.5
694,Andalan,PH,5.96,121.39,1547363903,20,93,301.986,1.27
695,Eyl,SO,7.98,49.82,1547363907,92,88,297.886,8.82
696,Ifakara,TZ,-8.13,36.68,1547363907,56,97,295.786,1.45
697,Kjollefjord,NO,70.95,27.35,1547363908,80,88,271.586,4.37
698,Chifeng,CN,42.27,118.96,1547363908,0,26,272.236,2.65
699,Jacareacanga,BR,-6.22,-57.76,1547363908,0,89,297.386,0.92
700,Komsomolsk,RU,57.03,40.38,1547362800,90,85,267.15,5
701,Falmouth,GB,50.16,-5.07,1547358600,88,93,282.15,12.3
703,Puri,ID,-7.54,112.45,1547362800,20,62,305.15,4.6
704,Mumford,GH,5.26,-0.76,1547363910,36,91,297.886,1.3
705,Bambanglipuro,ID,-7.95,110.28,1547363910,44,73,302.936,2.85
707,Senador Jose Porfirio,BR,-2.59,-51.95,1547363750,88,100,297.136,2.2
708,La Peca,PE,-5.61,-78.44,1547363910,76,100,290.336,0.35
709,Mogadishu,SO,2.04,45.34,1547359200,20,58,301.15,8.2
710,Waipawa,NZ,-39.94,176.59,1547363911,92,96,291.036,1.15
711,Ludhiana,IN,30.91,75.85,1547363911,76,100,287.086,2.05
712,Tretten,NO,61.31,10.3,1547363911,80,88,262.186,0.9
713,Dawlatabad,AF,36.41,64.91,1547363912,20,68,276.486,3.1
715,Caldwell,US,43.67,-116.69,1547362560,1,95,270.35,0.95
716,Lappeenranta,FI,61.06,28.19,1547362200,0,92,263.15,2.1
717,Lagoa Vermelha,BR,-28.21,-51.53,1547363913,64,93,292.386,4.1
718,Qinhuangdao,CN,39.94,119.59,1547363913,0,21,277.436,1.62
719,Castanos,MX,26.78,-101.42,1547363706,0,87,276.786,1.02
720,Binzhou,CN,37.38,117.96,1547363916,12,33,280.886,3.6
723,Mumbwa,ZM,-14.99,27.06,1547363917,88,100,292.236,3.1
724,Chumikan,RU,54.72,135.31,1547363917,20,70,256.386,1.5
725,Saint-Augustin,FR,44.83,-0.61,1547361000,90,93,283.15,3.6
726,Santa Maria,BR,-29.69,-53.81,1547363862,0,98,293.336,2.25
727,Brenham,US,30.17,-96.4,1547362500,1,76,279.95,4.1
728,Teguldet,RU,57.31,88.17,1547363919,20,79,248.636,1.5
729,Crevedia Mare,RO,44.43,25.63,1547361000,44,100,263.15,1.35
730,Sioux Lookout,CA,50.1,-91.92,1547361540,90,92,266.15,2.6
731,Mweka,CD,-4.85,21.56,1547363920,92,100,294.236,1.47
732,Acari,BR,-6.44,-36.64,1547363920,32,98,294.086,2.05
733,Wanning,AT,48.64,13.53,1547362200,75,93,275.15,4.1
734,Porto Novo,BR,-23.68,-45.44,1547362800,20,94,294.15,0.5
735,Celano,IT,42.09,13.54,1547358900,80,58,274.15,7.7
736,Trofors,NO,65.54,13.39,1547362200,90,92,272.15,5.7
737,Invermere,CA,50.51,-116.03,1547363921,8,80,260.836,0.47
738,Inyonga,TZ,-6.72,32.06,1547363922,80,92,292.486,1.92
739,Ashta,IN,16.95,74.41,1547363922,0,60,298.536,3.27
740,Berck,FR,50.41,1.57,1547361000,90,87,283.15,4.1
